[
  {
    "label": "健壮性",
    "id": "uml.robustness",
    "diagram-types": [ "UMLClassDiagram" ],
    "auto-expands": [ "UMLClassDiagram" ],
    "items": [
      {
        "label": "分界线",
        "id": "UMLBoundary",
        "icon": "icon-UMLBoundary",
        "rubberband": "rect",
        "command": "robustness:create"
      },
      {
        "label": "实体",
        "id": "UMLEntity",
        "icon": "icon-UMLEntity",
        "rubberband": "rect",
        "command": "robustness:create"
      },
      {
        "label": " 控制,",
        "id": "UMLControl",
        "icon": "icon-UMLControl",
        "rubberband": "rect",
        "command": "robustness:create"
      }
    ]
  }
]
