[
  {
    "label": "Data Flow",
    "id": "dfd",
    "diagram-types": [ "DFDDiagram" ],
    "auto-expands": [ "DFDDiagram" ],
    "items": [
      { "label": "外部项", "id": "DFDExternalEntity", "icon": "icon-DFDExternalEntity", "rubberband": "rect" },
      { "label": "过程", "id": "DFDProcess", "icon": "icon-DFDProcess", "rubberband": "rect" },
      { "label": "数据存储", "id": "DFDDataStore", "icon": "icon-DFDDataStore", "rubberband": "rect" },
      { "label": "数据流图", "id": "DFDDataFlow", "icon": "icon-DFDDataFlow", "rubberband": "line" }
    ]
  }
]
