{
  "id": "erd",
  "name": "ERD",
  "schema": {
    "erd.entity": {
      "text": "实体",
      "type": "section"
    },
    "erd.entity.fillColor": {
      "text": "填充颜色",
      "description": "Fill color of Subsystem.",
      "type": "color",
      "default": null,
      "default-button": {
        "text": "Use Default"
      }
    },
    "erd.relationship": {
      "text": "关系",
      "type": "section"
    },
    "erd.relationship.lineStyle": {
      "text": "线样式",
      "description": "Default line style of entity relationships.",
      "type": "dropdown",
      "options": [
        { "value": 0, "text": "Rectilinear" },
        { "value": 1, "text": "Oblique" },
        { "value": 2, "text": "Rounded Rectilinear" },
        { "value": 3, "text": "Curve" }
      ],
      "default": 2
    }
  }
}
