{
  "menu": [
    {
      "id": "file.new-from-template",
      "submenu": [
        { "label": "Data Model", "command": "erd:new-from-template", "command-arg": "templates/DataModel.mdj" }
      ]
    },
    {
      "id": "format",
      "submenu": [
        { "label": "Suppress Columns", "id": "erd.suppress-columns", "type": "checkbox", "command": "erd:suppress-columns" }
      ]
    },
    {
      "id": "model.add-diagram",
      "submenu": [
        { "label": "实体关系图", "id": "erd.diagram", "command": "factory:create-diagram", "command-arg": {"id": "ERDDiagram"} }
      ]
    },
    {
      "id": "model.add",
      "submenu": [
        { "label": "数据模型", "id": "erd.model", "command": "factory:create-model", "command-arg": {"id":"ERDDataModel"} },
        { "label": "实体", "id": "erd.entity", "command": "factory:create-model", "command-arg": {"id":"ERDEntity"} },
        { "label": "列", "id": "erd.column", "command": "factory:create-model", "command-arg": {"id":"ERDColumn", "field": "columns"} }
      ]
    }
  ],
  "context-menu": {
    "diagram-canvas": [
      {
        "id": "model.add",
        "submenu": [
          { "label": "数据模型", "id": "erd.model", "command": "factory:create-model", "command-arg": {"id":"ERDDataModel"} },
          { "label": "实体", "id": "erd.entity", "command": "factory:create-model", "command-arg": {"id":"ERDEntity"} },
          { "label": "列", "id": "erd.column", "command": "factory:create-model", "command-arg": {"id":"ERDColumn", "field": "columns"} }
        ]
      },
      {
        "id": "model.add-diagram",
        "submenu": [
          { "label": "实体关系图", "id": "erd.diagram", "command": "factory:create-diagram", "command-arg": {"id": "ERDDiagram"} }
        ]
      },  
      {
        "id": "format",
        "submenu": [
          { "label": "Suppress Columns", "id": "erd.suppress-columns", "type": "checkbox", "command": "erd:suppress-columns" }
        ]
      }
    ],
    "model-explorer": [
      {
        "id": "model.add-diagram",
        "submenu": [
          { "label": "实体关系图", "id": "erd.diagram", "command": "factory:create-diagram", "command-arg": {"id": "ERDDiagram"} }
        ]
      },
      {
        "id": "model.add",
        "submenu": [
          { "label": "数据模型", "id": "erd.model", "command": "factory:create-model", "command-arg": {"id":"ERDDataModel"} },
          { "label": "实体", "id": "erd.entity", "command": "factory:create-model", "command-arg": {"id":"ERDEntity"} },
          { "label": "列", "id": "erd.column", "command": "factory:create-model", "command-arg": {"id":"ERDColumn", "field": "columns"} }
        ]
      }
    ]
  }
}
