{
  "menu": [
    {
      "id": "model.add-diagram",
      "submenu": [
        { "label": "流程图", "id": "flowchart.diagram", "command": "factory:create-diagram", "command-arg": { "id": "FCFlowchartDiagram" } }
      ]
    }
  ],
  "context-menu": {
    "diagram-canvas": [
      {
        "id": "model.add-diagram",
        "submenu": [
          { "label": "流程图", "id": "flowchart.diagram", "command": "factory:create-diagram", "command-arg": { "id": "FCFlowchartDiagram" } }
        ]
      }  
    ],
    "model-explorer": [
      {
        "id": "model.add-diagram",
        "submenu": [
          { "label": "流程图", "id": "flowchart.diagram", "command": "factory:create-diagram", "command-arg": { "id": "FCFlowchartDiagram" } }
        ]
      }
    ]
  }
}
