[
  {
    "label": "满足条件",
    "id": "sysml.requirement",
    "diagram-types": [ "SysMLRequirementDiagram" ],
    "auto-expands": [ "SysMLRequirementDiagram" ],
    "items": [
      { "label": " 包", "id": "UMLPackage", "icon": "icon-UMLPackage", "rubberband": "rect" },
      { "label": "需求,", "id": "SysMLRequirement", "icon": "icon-SysMLRequirement", "rubberband": "rect" },
      { "label": "复制", "id": "SysMLCopy", "icon": "icon-UMLDependency", "rubberband": "line" },
      { "label": "DeriveReqt", "id": "SysMLDeriveReqt", "icon": "icon-UMLDependency", "rubberband": "line" },
      { "label": "验证", "id": "SysMLVerify", "icon": "icon-UMLDependency", "rubberband": "line" },
      { "label": "符合,", "id": "SysMLSatisfy", "icon": "icon-UMLDependency", "rubberband": "line" },
      { "label": "精炼", "id": "SysMLRefine", "icon": "icon-UMLDependency", "rubberband": "line" },
      { "label": "约束", "id": "UMLContainment", "icon": "icon-UMLContainment", "rubberband": "line" }
    ]
  },
  {
    "label": "块",
    "id": "sysml.block",
    "diagram-types": [ "SysMLBlockDefinitionDiagram" ],
    "auto-expands": [ "SysMLBlockDefinitionDiagram" ],
    "items": [
      {
        "label": "块",
        "id": "SysMLBlock",
        "icon": "icon-SysMLBlock",
        "rubberband": "rect",
        "command-arg": {
          "view-init": {
            "suppressAttributes": true,
            "suppressOperations": true
          }
        }
      },
      {
        "label": "值类型",
        "id": "SysMLValueType",
        "icon": "icon-SysMLValueType",
        "rubberband": "rect",
        "command-arg": {
          "view-init": {
            "suppressAttributes": true,
            "suppressOperations": true
          }
        }
      },
      { "label": "接口块", "id": "SysMLInterfaceBlock", "icon": "icon-SysMLInterfaceBlock", "rubberband": "rect" },
      { "label": "约束块", "id": "SysMLConstraintBlock", "icon": "icon-SysMLConstraintBlock", "rubberband": "rect" },
      { "label": "枚举;", "id": "UMLEnumeration", "icon": "icon-UMLEnumeration", "rubberband": "rect" },
      { "label": "序号", "id": "UMLSignal", "icon": "icon-UMLSignal", "rubberband": "rect" },
      { "label": "端口", "id": "SysMLPort", "icon": "icon-UMLPort", "rubberband": "point", "command-arg": { "parasitic": true } },
      { "label": "对象", "id": "UMLObject", "icon": "icon-UMLObject", "rubberband": "rect" },
      { "label": "关系", "id": "UMLAssociation", "icon": "icon-UMLAssociation", "rubberband": "line" },
      {
        "label": "定向关联",
        "id": "UMLDirectedAssociation",
        "icon": "icon-UMLDirectedAssociation",
        "rubberband": "line",
        "command-arg": {
          "id": "UMLAssociation",
          "model-init": {
            "end1": { "navigable": "unspecified" },
            "end2": { "navigable": "navigable" }
          }
        }
      },
      {
        "label": "聚合",
        "id": "UMLAggregation",
        "icon": "icon-UMLAggregation",
        "rubberband": "line",
        "command-arg": {
          "id": "UMLAssociation",
          "model-init": {
            "end2": { "aggregation": "shared" }
          }
        }
      },
      {
        "label": "组合",
        "id": "UMLComposition",
        "icon": "icon-UMLComposition",
        "rubberband": "line",
        "command-arg": {
          "id": "UMLAssociation",
          "model-init": {
            "end2": { "aggregation": "composite" }
          }
        }
      },
      { "label": "依赖", "id": "UMLDependency", "icon": "icon-UMLDependency", "rubberband": "line" },
      { "label": "普通化, 归纳,", "id": "UMLGeneralization", "icon": "icon-UMLGeneralization", "rubberband": "line" },
      { "label": "接口实现", "id": "UMLInterfaceRealization", "icon": "icon-UMLInterfaceRealization", "rubberband": "line" },
      { "label": "连接体", "id": "SysMLConnector", "icon": "icon-UMLConnector", "rubberband": "line" },
      { "label": "抑制", "id": "UMLContainment", "icon": "icon-UMLContainment", "rubberband": "line" }
    ]
  },
  {
    "label": "内部模块",
    "id": "sysml.internal-block",
    "diagram-types": [ "SysMLInternalBlockDiagram", "SysMLParametricDiagram" ],
    "auto-expands": [ "SysMLInternalBlockDiagram" ],
    "items": [
      { "label": "部分", "id": "SysMLPart", "icon": "icon-SysMLPart", "rubberband": "rect" },
      { "label": "引用", "id": "SysMLReference", "icon": "icon-SysMLReference", "rubberband": "rect" },
      { "label": "值", "id": "SysMLValue", "icon": "icon-SysMLValue", "rubberband": "rect" },
      { "label": "端口", "id": "SysMLPort", "icon": "icon-SysMLPort", "rubberband": "rect", "command-arg": { "parasitic": true } },
      { "label": "连接体", "id": "SysMLConnector", "icon": "icon-UMLConnector", "rubberband": "line" }
    ]
  },
  {
    "label": "参数模式",
    "id": "sysml.parametric",
    "diagram-types": [ "SysMLParametricDiagram" ],
    "auto-expands": [ "SysMLParametricDiagram" ],
    "items": [
      { "label": "约束属性", "id": "SysMLConstraintProperty", "icon": "icon-SysMLConstraintProperty", "rubberband": "rect" },
      { "label": "约束参数", "id": "SysMLConstraintParameter", "icon": "icon-SysMLConstraintParameter", "rubberband": "rect", "command-arg": { "parasitic": true } }
    ]
  },
  {
    "label": "角度",
    "id": "sysml.viewpoint",
    "diagram-types": [ "SysMLRequirementDiagram", "SysMLBlockDefinitionDiagram", "UMLPackageDiagram" ],
    "auto-expands": [],
    "items": [
      { "label": "利益相关者", "id": "SysMLStakeholder", "icon": "icon-UMLClass", "rubberband": "rect" },
      { "label": "视图", "id": "SysMLView", "icon": "icon-UMLClass", "rubberband": "rect" },
      { "label": " 观点,", "id": "SysMLViewpoint", "icon": "icon-UMLClass", "rubberband": "rect" },
      { "label": " 符合", "id": "SysMLConform", "icon": "icon-UMLGeneralization", "rubberband": "line" },
      { "label": "简短的陈述简短的陈述", "id": "SysMLExpose", "icon": "icon-UMLDependency", "rubberband": "line" }
    ]
  }
]
