{
  "menu": [
    {
      "id": "model.add",
      "submenu": [
        { "label": "标签", "id": "common.tag", "command": "common:tag" }
      ]
    }
  ],
  "context-menu": {
    "diagram-canvas": [
      {
        "id": "model.add",
        "submenu": [
          { "label": "标签", "id": "common.tag", "command": "common:tag" }
        ]
      }
    ],
    "model-explorer": [
      {
        "id": "model.add",
        "submenu": [
          { "label": "标签", "id": "common.tag", "command": "common:tag" }
        ]
      }
    ]
  }
}
