{
  "menu": [
    {
      "id": "tools",
      "submenu": [
        {
          "label": "图表生成器",
          "id": "tools.diagram-generator",
          "submenu": [
            { "label": " 概观", "id": "tools.diagram-generator.overview", "command": "diagram-generator:overview" },
            { "label": "概述展开", "id": "tools.diagram-generator.overview-expanded", "command": "diagram-generator:overview-expanded" },
            { "label": "类型层次结构", "id": "tools.diagram-generator.type-hierarchy", "command": "diagram-generator:type-hierarchy" },
            { "label": "包结构", "id": "tools.diagram-generator.package-structure", "command": "diagram-generator:package-structure" }
          ]
        }
      ]
    }
  ]
}
